key,english,current_shona_draft,keep_english_only,shona_final_fill_here
brand.tagline,Ride Harare. Keep your change.,Famba muHarare. Chenji yako haichararasika.,YES,
nav.signIn,Sign in,Pinda,no,
landing.headline1,Beyond the,Kupfuura,YES,
landing.headlineWord,Kombi,Kombi,YES,
landing.body,"Plan every trip, get smart suggestions before you leave, and ride with your safety looked after.","Ronga rwendo rwega rwega, uwane mazano usati wasimuka, uye ufambe takachengetedza kuchengeteka kwako.",no,
landing.cta,Find your kombi,Tsvaga kombi yako,no,
landing.statChange,Change kept,Chenji yakachengetwa,no,
landing.statWeek,this week,svondo rino,no,
landing.signinHint,Hwindi or fleet owner?,Uri hwindi kana muridzi?,no,
landing.signinLink,Sign in here,Pinda pano,no,
landing.demoLead,"Walk straight in as Tino, a demo rider on the live system. No sign up.","Pinda pakarepo saTino, mufambi wekuratidzira pane system chaiyo. Hapana kunyoresa.",no,
landing.demoEnter,Enter the demo,Pinda mudemo,no,
landing.demoOwner,Owner dashboard,Dashboard yemuridzi,no,
landing.shelfReal,"Real stories, real money on the live system","Nyaya chaidzo, mari chaiyo pasisitimu mhenyu",no,
landing.shelfIntel,"The intelligence, three spines with their evidence","Njere dzacho, misana mitatu neuchapupu hwayo",no,
landing.intelEta,How Svika knows your arrival,Svika inoziva sei kusvika kwako,no,
landing.intelTakunda,"Takunda's alert, the learned routine","Yeuchidzo yaTakunda, tsika yakadzidzwa",no,
landing.intelWatchdog,The watchdog catches a leak,Murindi anobata kuvhaya,no,
landing.shelfVision,"Vision scenes, simulations of what ships next","Zviratidzo zveramangwana, kufananidzira kwezvinotevera",no,
landing.visionTinashe,"The crash flow, Tinashe","Tsaona, Tinashe",no,
landing.visionGogo,Gogo's mbudzi,Mbudzi yaGogo,no,
landing.visionCapacity,Kombi capacity,Kuzara kwekombi,no,
landing.demoStory1,Change becomes credit,Chenji inova mari,no,
landing.demoStory2,Two kombis and a walk,Makombi maviri nekufamba,no,
landing.demoStory4,Rudo's night ride,Rwendo rwehusiku rwaRudo,no,
landing.demoErr,The demo door is busy. Try again in a minute.,Mukova wedemo wakabatikana. Edzazve munguva pfupi.,no,
demo.chip,Demo account,Akaunti yekuratidzira,no,
story.next,Next,Enderera,no,
story.back,Back a step,Dzokera danho,no,
story.stay,Stay and explore,Gara uzvionere,no,
story.shelf,Back to the stories,Dzokera kunyaya,no,
story.live,Now try it yourself. Everything on this screen is live.,Zviedze wega manje. Zvese zviri pano zvinoshanda.,no,
story.liveVision,Now try it yourself. This scene is a simulation and touches no real account.,"Zviedze wega manje. Ichi chiratidzo chekufananidzira, hachibate akaunti chaiyo.",no,
story.exit,Exit story,Buda munyaya,no,
story.err,"That step could not run. Try next again, or exit the story.","Danho iri harina kushanda. Edzazve, kana kubuda munyaya.",no,
story.town.0,Meet Tino. She rides this corridor into town most mornings. Watch one normal trip.,Uyu ndiTino. Anokwira nzira iyi achienda kutown mangwanani mazhinji. Ona rwendo rumwe chete.,no,
story.town.1,"She types where she is going. The planner quotes the real corridor fare: $1.50, one kombi.","Anonyora kwaari kuenda. Planner inomupa mutengo chaiwo: $1.50, kombi imwe.",no,
story.town.2,She reserves her seat now and will pay cash on board. Next books it through the real engine.,"Anochengetedza nzvimbo yake, obhadhara cash mukombi. Enderera inobhuka nesystem chaiyo.",no,
story.town.3,Her boarding card is ready. On the kombi she shows the 4 digit code and hands over a $2 note.,Kadhi rake rekukwira ragadzirira. Mukombi anoratidza kodhi ye4 obva apa $2.,no,
story.town.4,The hwindi clears her code and keys in the $2 note. The hwindi here is simulated; the money moves through the real ledger.,Hwindi anobvisa kodhi yake onyora $2. Hwindi pano ndeyekuratidzira; mari inofamba nebhuku remari chairo.,no,
story.town.5,"Her 50 cents of change is wallet credit now, not a promise on a moving kombi. Story over.","Chenji yake yemasendi 50 yava mari muchikwama, kwete vimbiso mukombi inofamba. Nyaya yapera.",no,
story.transfer.0,"Not every trip is one kombi. Heights to Avondale takes two, with a short walk between them.","Haisi nzendo dzese dzine kombi imwe. Heights kusvika Avondale inoda mbiri, nekufamba kupfupi pakati.",no,
story.transfer.1,"The walking leg is drawn dashed on the real map, and one quote covers both kombis: $3.00.","Chikamu chekufamba chakadhirowewa nemadota pamepu chaiyo, uye mutengo mumwe unobata makombi ese: $3.00.",no,
story.transfer.2,"One tap bought both legs from her wallet. Two boarding codes, one per kombi. Story over.","Kubaya kamwe kwatenga zvikamu zvese kubva muchikwama. Makodhi maviri, imwe pakombi imwe neimwe. Nyaya yapera.",no,
story.tk.0,"Meet Takunda. He rides this corridor to work every morning, and his alert is live: the usual kombi is close, with today's real minutes from the live feed. A fixed alarm cannot know that.","Uyu ndiTakunda. Anokwira nzira iyi kubasa mangwanani ega ega, uye yeuchidzo yake iri kushanda: kombi yaanogara achikwira yaswedera, nemaminitsi echokwadi anhasi. Alarm yakagadzikwa haigone kuzviziva.",no,
story.tk.1,His trip lives as a quick pick. Next books it from his wallet through the real engine.,Rwendo rwake rwakachengetwa. Enderera inorubhuka kubva muchikwama chake nesystem chaiyo.,no,
story.tk.2,His boarding card is ready. The hwindi here is simulated; the clearing and the money move through the real ledger.,Kadhi rake rekukwira ragadzirira. Hwindi pano ndeyekuratidzira; kubvisa nemari zvinofamba nebhuku remari chairo.,no,
story.tk.3,He is on board. Watch: the voice speaks as his stop nears. The last stretch of the ride is fast forwarded; the triggers are the real engine.,Ava mukombi. Tarisa: inzwi rinotaura chiteshi chake chava pedyo. Chikamu chekupedzisira cherwendo chakakurumidziswa; zvinomutsa inzwi ndezvechokwadi.,no,
story.ru.0,It is late and Rudo's wallet was stolen in town. Her Svika balance reads zero. Watch what her people can do about it.,Kwadoka uye chikwama chaRudo chakabiwa mutown. Mari yake muSvika iri pazero. Ona zvinogona kuitwa nevanhu vake.,no,
story.ru.1,A friend sends her credit from their own wallet. The friend is simulated; the escrow is the real ledger.,Shamwari inomutumira mari kubva muchikwama chayo. Shamwari ndeyekuratidzira; mari inochengetwa mubhuku remari chairo.,no,
story.ru.2,A claim code reaches her phone (simulated SMS). Next types it in for her.,Kodhi yekutora inosvika pafoni yake (SMS yekuratidzira). Enderera inoinyora.,no,
story.ru.3,The credit landed in her wallet. She books the kombi home with it.,Mari yapinda muchikwama chake. Anobhuka kombi yekuenda kumba nayo.,no,
story.ru.4,Her boarding card is ready and the simulated hwindi clears her code. She is on her way.,Kadhi rake ragadzirira uye hwindi yekuratidzira yabvisa kodhi yake. Ava munzira.,no,
story.ru.5,"Her mother worries. Next creates a live share link, straight from her ticket.","Amai vake vanofunganya. Enderera inogadzira link yekuona rwendo, kubva patikiti rake.",no,
story.ru.6,"This is exactly what her mother sees, no account needed: the trip, the arrival estimate, never the code or the wallet. The link dies when the trip ends.","Izvi ndizvo chaizvo zvinoonekwa naamai vake, pasina akaunti: rwendo, fungidziro yekusvika, kwete kodhi kana chikwama. Link inofa kana rwendo rwapera.",no,
login.title,Sign in to Svika,Pinda muSvika,no,
login.phoneLabel,Phone number,Nhamba yefoni,no,
login.send,Send code,Tumira kodhi,no,
login.sending,Sending…,Kutumira…,no,
login.codeLabel,Enter the 6-digit code,Isa kodhi yenhamba 6,no,
login.verify,Verify,Simbisa,no,
login.verifying,Verifying…,Kusimbisa…,no,
login.resend,Send a new code,Tumira kodhi itsva,no,
login.codeSentTo,We sent a code to,Tatumira kodhi ku,no,
login.errPhone,Enter a valid phone number.,Isa nhamba yefoni chaiyo.,no,
login.errCode,That code did not work. Try again.,Kodhi iyi haina kushanda. Edzazve.,no,
app.welcome,Welcome,Mauya,no,
app.roleLabel,Your role,Basa rako,no,
app.phoneLabel,Phone,Foni,no,
app.signOut,Sign out,Buda,no,
role.rider,Rider,Mufambi,no,
role.owner,Owner,Muridzi,no,
role.conductor,Conductor,Hwindi,no,
common.back,Back,Dzokera,no,
common.minutes,min,min,no,
common.to,to,kusvika,no,
rider.searchTitle,Where are you going?,Uri kuenda kupi?,no,
rider.fromLabel,From,Kubva,no,
rider.toLabel,To,Kuenda,no,
rider.fromPlaceholder,"e.g. Heights, UZ, Market Square","semuenzaniso: Heights, UZ, Market Square",no,
rider.toPlaceholder,"e.g. Avondale, Sam Levy's, town","semuenzaniso: Avondale, Sam Levy's, town",no,
rider.planCta,Plan my trip,Ronga rwendo,no,
rider.walletBalance,Wallet credit,Mari muchikwama,no,
rider.tickets,Your tickets,Matikiti ako,no,
rider.noTickets,No tickets yet. Plan a trip to get one.,Hausati une matikiti. Ronga rwendo kuti uwane.,no,
plan.title,Your trip,Rwendo rwako,no,
plan.sheetOpen,Show the legs of this trip,Ona zvikamu zverwendo,no,
plan.ride,Ride,Kwira,no,
plan.walk,Walk,Famba,no,
plan.alightAt,Get off at,Buruka pa,no,
plan.totalFare,Total fare,Mari yese,no,
plan.about,About,Inenge,no,
plan.boardings,kombis,makombi,no,
plan.payWallet,Pay from wallet,Bhadhara nechikwama,no,
plan.reserveCash,"Reserve, pay cash on board","Chengetedza nzvimbo, ubhadhare cash mukombi",no,
plan.pickFrom,Choose your starting stop,Sarudza chiteshi chaunokwira,no,
plan.pickTo,Choose where you are going,Sarudza chiteshi chaunoburuka,no,
plan.noMatch,We do not know that place yet. Pick a stop from the list.,Hatisati tichiziva nzvimbo iyoyo. Sarudza chiteshi pane zviripo.,no,
plan.noRoute,No route found between those stops yet.,Hapasati pane nzira pakati pezviteshi izvozvo.,no,
plan.insufficient,Not enough wallet credit. Reserve and pay cash on board.,Mari muchikwama haikwane. Chengetedza nzvimbo ubhadhare cash mukombi.,no,
ticket.title,Board code,Kodhi yekukwira,no,
ticket.screenTitle,Your ticket,Tikiti rako,no,
ticket.showHwindi,Show this code to the hwindi when you board.,Ratidza hwindi kodhi iyi paunokwira.,no,
ticket.fare,Fare,Mari,no,
ticket.payment,Payment,Kubhadhara,no,
ticket.route,Route,Nzira,no,
ticket.validUntil,Valid until,Inoshanda kusvika,no,
ticket.payCash,Pay cash on board,Bhadhara cash mukombi,no,
ticket.paidWallet,Paid from wallet,Yabhadharwa nechikwama,no,
ticket.status.issued,Ready to board,Yakamirira kukwira,no,
ticket.status.redeemed,Cleared,Yabhadharwa,no,
ticket.status.cancelled,Cancelled,Yakanzurwa,no,
ticket.status.expired,Expired,Yapera,no,
ticket.status.refunded,Refunded,Yadzorerwa,no,
ticket.legOf,Leg,Chikamu,no,
ticket.status.loaded,On the kombi,Wakwira kombi,no,
ticket.status.collected,Collected,Watorwa,no,
wallet.title,Your wallet,Chikwama chako,no,
wallet.balanceLabel,Balance,Mari iripo,no,
wallet.changeChip,Change kept,Chenji yakachengetwa,no,
wallet.changeTitle,Change kept as credit,Chenji yakachengetwa semari,no,
wallet.changeTotal,Kept so far,Yakachengetwa kusvika zvino,no,
wallet.changeBody,"When you pay cash and the hwindi cannot give change, the difference lands here as credit instead of leaving with the kombi.","Paunobhadhara cash uye hwindi asina chenji, mari inosara inopinda muno semari yako pane kuenda nekombi.",no,
wallet.changeNone,"No change credited yet. The first time a hwindi owes you change, it lands here.","Hapasati pane chenji yapinda. Kekutanga hwindi akakuomerwa nechenji, inopinda muno.",no,
wallet.open,Wallet,Chikwama,no,
wallet.history,Recent activity,Zvichangobva kuitika,no,
wallet.sendTitle,Send credit,Tumira mari,no,
wallet.sendAmount,Amount,Mari,no,
wallet.sendCta,Send,Tumira,no,
wallet.sendHint,You get a claim code to share. Unclaimed credit comes back when you cancel.,Unopiwa kodhi yekupa mumwe. Mari isina kutorwa inodzoka kana ukakanzura.,no,
wallet.claimTitle,Claim credit,Tora mari,no,
wallet.claimLabel,Claim code,Kodhi yekutora,no,
wallet.claimCta,Claim,Tora,no,
wallet.claimed,Credit claimed,Mari yapinda,no,
wallet.claimInvalid,That code did not work.,Kodhi iyi haina kushanda.,no,
wallet.claimAlready,That code was already claimed.,Kodhi iyi yakatotorwa.,no,
wallet.claimRateLimited,Too many tries. Wait 10 minutes.,Wakaedza kakawanda. Mira maminitsi gumi.,no,
wallet.sent,Share this code,Ipa mumwe kodhi iyi,no,
wallet.pending,Waiting to be claimed,Yakamirira kutorwa,no,
wallet.cancel,Cancel and take it back,Kanzura udzorerwe,no,
wallet.sendErr,Could not send. Check your balance.,Hatina kukwanisa kutumira. Tarisa mari yako.,no,
wallet.txn.topup,Top up,Kuisa mari,no,
wallet.txn.ticket_purchase,Ticket,Tikiti,no,
wallet.txn.fare_settlement,Fare settled,Mari yerwendo,no,
wallet.txn.change_credit,Change to credit,Chenji,no,
wallet.txn.transfer_send,Credit sent,Mari yatumirwa,no,
wallet.txn.transfer_claim,Credit claimed,Mari yatorwa,no,
wallet.txn.transfer_cancel,Transfer cancelled,Kutumira kwakanzurwa,no,
wallet.txn.refund,Refund,Kudzorerwa,no,
wallet.txn.adjustment,Adjustment,Kugadzirisa,no,
parcel.title,Send a parcel,Tumira katundu,no,
parcel.open,Parcels,Katundu,no,
parcel.route,Route,Nzira,no,
parcel.from,Load at,Kukwidza pa,no,
parcel.to,Collect at,Kutora pa,no,
parcel.payWallet,Pay from wallet,Bhadhara nechikwama,no,
parcel.payCash,Pay cash at loading,Bhadhara cash pakukwidza,no,
parcel.loadCode,LOAD code,Kodhi yekukwidza,no,
parcel.collectCode,COLLECT code,Kodhi yekutora,no,
parcel.loadHint,Give the LOAD code with the parcel. Send the COLLECT code to the receiver.,Ipa hwindi kodhi yekukwidza pamwe nekatundu. Tumira kodhi yekutora kune anogamuchira.,no,
parcel.yours,Your parcels,Katundu kako,no,
parcel.none,No parcels yet.,Hausati une katundu.,no,
parcel.err,Could not book the parcel.,Katundu hakana kubhukwa.,no,
parcel.errBalance,Not enough wallet credit. Pay cash at loading instead.,Mari muchikwama haikwane. Bhadhara cash pakukwidza.,no,
owner.title,Revenue,Mari yakapinda,no,
owner.open,Owner view,Muridzi,no,
owner.balance,Wallet balance,Mari muchikwama,no,
owner.day,Day,Zuva,no,
owner.route,Route,Nzira,no,
owner.tickets,Fares,Vafambi,no,
owner.gross,Gross,Yese,no,
owner.commission,Hwindi,Hwindi,no,
owner.net,Yours,Yako,no,
owner.none,No settled digital fares yet.,Hapasati pane mari yedijitari yakapinda.,no,
owner.note,Every figure comes straight from the ledger. Cash fares stay with the crew and are not counted here.,Nhamba dzese dzinobva mubhuku remari. Cash inosara nevashandi haiverengwi pano.,no,
owner.watchdog,Revenue watchdog,Murindi wemari,no,
owner.watchdogSimulated,Simulated history,Nhoroondo yakagadzirwa,no,
owner.watchdogSummary,"{count} simulated days scanned, {flagged} flagged","Mazuva {count} akaongororwa, {flagged} akadomwa",no,
owner.watchdogNone,No unusual days in the scanned history.,Hapana zuva risina kujairika pane akaongororwa.,no,
owner.watchdogEmpty,No simulated history loaded yet.,Hapasati pane nhoroondo yakagadzirwa.,no,
owner.wdForest,Forest flagged this day,Sango rakadoma zuva iri,no,
owner.wdThresholdSilent,the fixed threshold rule stayed silent,mutemo wakagadzikwa wakaramba wakanyarara,no,
owner.wdThresholdFired,the fixed threshold rule also fired,mutemo wakagadzikwa wakadomawo,no,
owner.watchdogNote,"Flags describe patterns, never a person. This card runs on clearly labelled simulated history until the network has months of real fares.","Zviratidzo zvinotaura maitiro, kwete munhu. Kadhi iri rinoshanda nenhoroondo yakagadzirwa kusvika network yava nemwedzi yemari chaiyo.",no,
owner.netToDate,Net to date,Yako yese,no,
owner.chartTitle,"Digital fares, last 14 days","Mari yedijitari, mazuva 14 apfuura",no,
owner.chartNet,Net in this window,Yako mumazuva aya,no,
owner.routesTitle,By route,Nenzira,no,
owner.fares,fares,vafambi,no,
owner.taxTitle,ZIMRA presumptive tax,Mutero weZIMRA,no,
owner.taxBody,"Kombis pay a flat monthly presumptive tax of $50 to $60, collected with the ZINARA licence. It is a fixed amount, not a share of takings.","Makombi anobhadhara mutero wakatarwa we$50 kusvika $60 pamwedzi, unotorwa nerezinesi reZINARA. Imari yakatarwa, kwete chikamu chemari inopinda.",no,
owner.taxHint,"Your statement is the digital record of what each kombi actually earned, ready for the conversation ZIMRA actually has.",Statement yako ndiyo chinyorwa chedijitari chemari yakapinda pakombi imwe neimwe.,no,
owner.statementOpen,Print a statement,Dhinda statement,no,
statement.title,Revenue statement,Statement yemari,no,
statement.period,Period,Nguva,no,
statement.generated,Generated,Yagadzirwa,no,
statement.owner,Owner,Muridzi,no,
statement.print,Print,Dhinda,no,
statement.totals,Totals,Zvese,no,
statement.note,Every figure derives from Svika's append only ledger of settled digital fares. Cash fares stay with the crew and are not counted. Presumptive tax for kombis is a flat $50 to $60 a month collected with the ZINARA licence; this statement is the earnings record beside it.,Nhamba dzese dzinobva mubhuku remari reSvika risingagadziridzwe. Cash inosara nevashandi haiverengwi. Mutero wemakombi imari yakatarwa ye$50 kusvika $60 pamwedzi inotorwa nerezinesi reZINARA; statement iyi ndiyo chinyorwa chemari yakapinda parutivi pawo.,no,
home.sheetHint,Type in Shona or English.,Nyora muchiShona kana chiRungu.,no,
home.sheetOpen,Show wallet and tickets,Ona chikwama nematikiti,no,
home.sheetClose,Show more of the map,Ona mepu yakakura,no,
home.peekArrives,Arrives,Inosvika,no,
home.peekFrom,from,kubva pa,no,
nav.home,Home,Kumba,no,
nav.rides,Rides,Nzendo,no,
nav.wallet,Wallet,Chikwama,no,
nav.you,You,Iwe,no,
home.yourTrips,Your trips,Nzendo dzako,no,
home.etaDemo,demo estimate,fungidziro yekuratidzira,no,
home.etaFromRide,from 1 recorded ride,kubva parwendo 1 rwakarekodhwa,no,
home.etaFromRides,from {count} recorded rides,kubva panzendo {count} dzakarekodhwa,no,
eta.cardAria,Where this number comes from,Kunobva nhamba iyi,no,
eta.cardTitle,Where this number comes from,Kunobva nhamba iyi,no,
eta.cardMeasured,"It is measured from {count} real rides we recorded on this road, phone in hand.","Yakayerwa kubva panzendo {count} chaidzo dzatakarekodha munzira ino, nefoni muruoko.",no,
eta.cardModel,A trained model waits behind a promotion rule. It serves only when committed numbers prove it beats this measured average on held out rides.,Modhi yakadzidziswa yakamirira mutemo wekukwidziridzwa. Inoshanda chete kana nhamba dzakachengetwa dzichiratidza kuti inokunda avhareji iyi.,no,
eta.cardImprove,Every new recorded ride sharpens it.,Rwendo rwega rwega rutsva rwakarekodhwa runoinatsa.,no,
eta.cardDemo,"This is a demo estimate from the offline twin, not a measurement.","Iyi ifungidziro yekuratidzira kubva kumbeu yekumira, kwete chiyero.",no,
eta.cardDemoWhen,It serves when the arrival engine is unreachable or the trip is off the recorded corridor.,Inoshanda kana injini yekusvika isingawanikwe kana rwendo rusiri munzira yakarekodhwa.,no,
eta.cardClose,Close,Vhara,no,
eta.cardMore,See how Svika knows,Ona kuti Svika inoziva sei,no,
intel.title,How Svika knows your arrival,Svika inoziva sei kusvika kwako,no,
intel.intro,"No kombi runs on a timetable. The number on your screen stands on a ladder you can check, rung by rung.",Hapana kombi inofamba netimetable. Nhamba iri pascreen yako yakamira padanho raunogona kuongorora.,no,
intel.rung1H,"Measured, serving today","Yakayerwa, iri kushanda nhasi",no,
intel.rung1B,"The number you see is a plain average over segment times from {count} real rides recorded on this road, phone in hand. Its label on every screen says so.",Nhamba yaunoona iavhareji yenguva dzezvikamu kubva panzendo {count} chaidzo dzakarekodhwa munzira ino. Chiratidzo chayo pascreen yega yega chinozvitaura.,no,
intel.rung2H,"Trained, waiting","Yakadzidziswa, yakamirira",no,
intel.rung2B,A model that learns how each hour of the day moves is trained on the same rides. It does not serve yet.,Modhi inodzidza mafambiro eawa rega rega yakadzidziswa nenzendo dzimwe chetedzo. Haisati yashanda.,no,
intel.rung3H,One rule decides,Mutemo mumwe ndiwo unosarudza,no,
intel.rung3B,The model serves only when there are at least {min} recorded journeys and it beats the average on rides it never saw. The verdict lives in a committed file; nothing else decides.,Modhi inoshanda chete kana pane nzendo {min} kana kupfuura dzakarekodhwa uye ichikunda avhareji panzendo yaisati yamboona. Mutongo unogara mufaira yakachengetwa; hapana chimwe chinosarudza.,no,
intel.tableH,The committed evidence,Uchapupu hwakachengetwa,no,
intel.rowJourneys,Recorded journeys,Nzendo dzakarekodhwa,no,
intel.rowSegments,Segment observations,Zvikamu zvakaonekwa,no,
intel.rowBaseline,"Baseline error, held out",Kukanganisa kweavhareji,no,
intel.rowModel,"Model error, held out",Kukanganisa kwemodhi,no,
intel.rowServed,Serving now,Iri kushanda,no,
intel.verdictPromoted,"The model beat the baseline on held out rides, so it serves.","Modhi yakakunda avhareji panzendo dzayaisati yaona, saka iri kushanda.",no,
intel.verdictHeld,"Verdict: not enough rides to trust any evaluation (the rule asks for {min}), so the plain average serves and every estimate says how many rides it stands on.","Mutongo: nzendo hadzisati dzakwana kuvimba nechiyero (mutemo unoda {min}), saka avhareji ndiyo inoshanda uye fungidziro yega yega inotaura nzendo dzainomira padziri.",no,
intel.note,"This table is the training run's own committed file, not retyped numbers. It updates when new rides are recorded.","Tafura iyi ifaira rakachengetwa rekudzidziswa pachako, kwete nhamba dzakanyorwazve. Inovandudzwa kana nzendo itsva dzarekodhwa.",no,
plan.saveTitle,Save this trip for your home map,Chengetedza rwendo urwu pamepu yako,no,
plan.savePlaceholder,e.g. Work trip,semuenzaniso: Rwendo rwebasa,no,
plan.saveCta,Save,Chengetedza,no,
plan.savedNote,Saved. It now lives on your home map.,Zvachengetedzwa. Rwava pamepu yako yekutanga.,no,
plan.saveErr,That name did not save. Try a shorter one.,Zita iri harina kuchengetedzwa. Edza rakapfupika.,no,
theme.toDark,Switch to night mode,Shandura kuita chiedza cheusiku,no,
theme.toLight,Switch to day mode,Shandura kuita chiedza chemasikati,no,
map.ariaLabel,"Map of the Heights to Rezende corridor with kombis moving along the road. Vehicle movement is a demo, not live tracking.","Mepu yenzira yeHeights kusvika Rezende ine makombi ari kufamba mumugwagwa. Kufamba kwemakombi ndekwekuratidzira, hakusi live.",no,
map.demoChip,Demo movement,Kuratidzira,no,
map.viewWhole,Whole route,Nzira yose,no,
map.viewNear,Boarding area,Panokwirwa,no,
map.unavailable,The map could not load. Your trips and wallet still work.,Mepu haina kukwanisa kuvhurika. Nzendo dzako nechikwama zvichiri kushanda.,no,
consent.title,Before you ride,Usati wafamba,no,
consent.intro,"Svika keeps a record of your trips, tickets and wallet credit so your change never gets lost. Here is what that means.","Svika inochengeta nzendo dzako, matikiti nemari yechikwama kuti chenji yako irege kurasika. Hezvino zvazvinoreva.",no,
consent.point1,"Your name, phone number and language choice are stored with your account.","Zita rako, nhamba yefoni nemutauro waunosarudza zvinochengetwa neakaunti yako.",no,
consent.point2,Every ticket and wallet movement is kept. Money history is never edited or deleted.,Tikiti rimwe nerimwe nekufamba kwemari zvinochengetwa. Nhoroondo yemari haigadziridzwe kana kudzimwa.,no,
consent.point3,"Trip patterns improve arrival predictions. Owners see route totals, never your name.","Mafambiro enzendo anovandudza fungidziro dzekusvika. Varidzi vanoona huwandu hwenzira, kwete zita rako.",no,
consent.point4,You can see everything Svika holds about you and delete your details at any time.,Unogona kuona zvese zvakachengetwa neSvika nezvako uye kudzima ruzivo rwako chero nguva.,no,
consent.noticeLink,Read the full privacy notice,Verenga chiziviso chekuvanzika chizere,no,
consent.accept,I understand and agree,Ndanzwisisa uye ndinobvuma,no,
consent.declineHint,"If you do not agree, sign out. Nothing beyond your sign in is stored.","Kana usingabvume, buda. Hapana chinochengetwa kunze kwekupinda kwako.",no,
consent.err,That did not save. Try again.,Hazvina kuchengetedzwa. Edzazve.,no,
privacy.title,How Svika treats your data,Svika inobata sei ruzivo rwako,no,
privacy.collectH,What Svika stores,Zvinochengetwa neSvika,no,
privacy.collectB,"Your name, phone number, language, tickets, wallet credit and the trips you save. Nothing else.","Zita rako, nhamba yefoni, mutauro, matikiti, mari yechikwama nenzendo dzaunochengeta. Hapana zvimwe.",no,
privacy.whyH,Why,Sei,no,
privacy.whyB,"Tickets and credit are money, so they need a full record. Trip patterns make arrival predictions better for everyone.",Matikiti nemari zvinoda nhoroondo izere. Mafambiro enzendo anonatsiridza fungidziro dzekusvika kune wese.,no,
privacy.moneyH,The money rule,Mutemo wemari,no,
privacy.moneyB,"The wallet is an append only ledger. Entries are added, never edited, never deleted. That is how your change stays safe.","Chikwama ibhuku remari rinongowedzerwa. Zvinyorwa zvinowedzerwa, hazvigadziridzwe, hazvidzimwe. Ndiko kuchengetedzwa kwechenji yako.",no,
privacy.aiH,What the AI sees,Zvinoonekwa neAI,no,
privacy.aiB,Predictions and leakage checks run on our servers over patterns and totals. They never name a person and nothing runs on your phone.,Fungidziro nekuongorora mari zvinoshanda pamaseva edu zvichishandisa mafambiro nehuwandu. Hazvidome munhu uye hapana chinoshanda pafoni yako.,no,
privacy.shareH,Who sees your data,Ndiani anoona ruzivo rwako,no,
privacy.shareB,"Nobody outside Svika. No selling, no adverts. Owners see route totals, conductors see board codes, neither sees who you are.","Hapana ari kunze kweSvika. Hakuna kutengeswa, hakuna zvishambadzo. Varidzi vanoona huwandu hwenzira, mahwindi anoona makodhi, hapana anoona kuti ndiwe ani.",no,
privacy.controlH,Your controls,Masimba ako,no,
privacy.controlB,"The your data page shows everything held about you. Deleting removes your name, phone and saved trips; ticket and money history stays but no longer says who you are.","Peji reruzivo rwako rinoratidza zvese zvakachengetwa nezvako. Kudzima kunobvisa zita, foni nenzendo dzakachengetwa; nhoroondo yematikiti nemari inosara asi haichataure kuti ndiwe ani.",no,
privacy.versionLabel,Notice version,Vhezheni yechiziviso,no,
privacy.yourDataLink,Your data and privacy,Ruzivo rwako nekuvanzika,no,
lang.english,English,Chirungu,no,
lang.shona,Shona,ChiShona,no,
yourdata.title,What Svika knows about you,Zvinozivikanwa neSvika nezvako,no,
yourdata.profileH,Your profile,Ruzivo rwako,no,
yourdata.name,Name,Zita,no,
yourdata.language,Language,Mutauro,no,
yourdata.none,Not set,Hapana,no,
yourdata.countsH,Your history,Nhoroondo yako,no,
yourdata.tickets,Tickets,Matikiti,no,
yourdata.movements,Wallet movements,Kufamba kwemari,no,
yourdata.savedTrips,Saved trips,Nzendo dzakachengetwa,no,
yourdata.consents,Consent records,Zvinyorwa zvemvumo,no,
yourdata.deleteH,Delete your details,Dzima ruzivo rwako,no,
yourdata.deleteB,"Money and ticket history is append only, so it cannot be erased. Deleting removes your name and phone, deletes your saved trips, and closes the app until you agree again. Your sign in stays until an operator removes it.","Nhoroondo yemari nematikiti inongowedzerwa, saka haigone kudzimwa. Kudzima kunobvisa zita nefoni yako, kunodzima nzendo dzakachengetwa, uye kunovhara app kusvika wabvumazve. Kupinda kwako kunosara kusvika mushandi akubvisa.",no,
yourdata.deleteCta,Delete my details,Dzima ruzivo rwangu,no,
yourdata.deleteConfirm,"Yes, delete my details","Hongu, dzima ruzivo rwangu",no,
yourdata.deleteCancel,Keep them,Zvichengete,no,
yourdata.err,That did not work. Try again.,Hazvina kushanda. Edzazve.,no,
profile.open,Profile and settings,Profile nemarongero,no,
profile.title,Your Svika,Svika yako,no,
profile.greetMorning,Good morning,Mangwanani,no,
profile.greetAfternoon,Good afternoon,Masikati,no,
profile.greetEvening,Good evening,Manheru,no,
profile.welcomeNoName,Welcome to Svika,Mauya kuSvika,no,
profile.statTotal,Total rides,Nzendo dzese,no,
profile.statMonth,This month,Mwedzi uno,no,
profile.statFave,Top trip,Rwendo rukuru,no,
profile.statsEmpty,No rides yet. Plan a trip and your count starts here.,Hapana nzendo. Ronga rwendo uye kuverenga kwako kunotangira pano.,no,
profile.statsDemo,Some of these rides are simulated demo history.,Dzimwe nzendo idzi inhoroondo yekuratidzira.,no,
profile.settingsH,Settings,Marongero,no,
profile.appearanceH,Look and language,Chitarisiko nemutauro,no,
profile.languageH,Language,Mutauro,no,
profile.themeH,Day or night,Masikati kana usiku,no,
profile.youH,Your details,Ruzivo rwako,no,
profile.nameLabel,Your name,Zita rako,no,
profile.phoneLabel,Phone,Foni,no,
profile.saveCta,Save,Chengeta,no,
profile.savedNote,Saved.,Zvachengetwa.,no,
profile.tripsH,Saved trips,Nzendo dzakachengetwa,no,
profile.tripsNone,No saved trips yet. Plan a trip and give it a name.,Hapana nzendo dzakachengetwa. Ronga rwendo urwupe zita.,no,
profile.renameCta,Rename,Shandura zita,no,
profile.removeCta,Remove,Bvisa,no,
profile.historyH,Your rides,Nzendo dzako,no,
profile.historySummary,{count} rides with Svika since {month}.,Nzendo {count} neSvika kubva {month}.,no,
profile.historyFirst,Your first ride with Svika.,Rwendo rwako rwekutanga neSvika.,no,
profile.historyNone,Your rides will appear here after your first trip.,Nzendo dzako dzichaonekwa pano mushure merwendo rwekutanga.,no,
profile.alertsH,Commute alerts,Yeuchidzo dzerwendo,no,
profile.alertsB,"When your usual kombi is getting close in your usual travel window, Svika tells you. Built only from your own ride history.","Kana kombi yaunogara uchikwira yaswedera panguva yaunowanzofamba, Svika inokuudza. Zvinobva munhoroondo yenzendo dzako chete.",no,
profile.voiceH,Voice guide,Inzwi rinotungamira,no,
profile.voiceB,A voice that tells you when your stop is near and when to get off. Turn it on per language.,Inzwi rinokuudza kana chiteshi chako chaswedera uye pekuburuka. Batidza pamutauro waunoda.,no,
profile.voiceNote,The current voice is a placeholder until recorded Zimbabwean voices land.,Inzwi ririko nderekumbomira kusvika manzwi echiZimbabwe akarekodhwa asvika.,no,
profile.voiceEn,English voice,Inzwi reChirungu,no,
profile.voiceSn,Shona voice,Inzwi reChiShona,no,
profile.on,On,Rakabatidzwa,no,
profile.off,Off,Rakadzimwa,no,
profile.emergencyH,Emergency details,Ruzivo rwepakaoma,no,
profile.emergencyWhy,"If something happens on the road, the person you name here is who gets called, and your medical aid details speed up help. Svika asks so that help is one tap away, never for marketing. This is optional, only you can see it, and you can remove it any time.","Kana chimwe chikaitika murwendo, munhu waunonyora pano ndiye anofonerwa, uye ruzivo rwemedical aid rwako runokurumidzisa rubatsiro. Svika inokumbira kuti rubatsiro rive pedyo, kwete zvekushambadza. Izvi ndezvekuzvisarudzira, ndiwe wega unozviona, uye unogona kuzvibvisa chero nguva.",no,
profile.kinName,Next of kin name,Zita rehama yepedyo,no,
profile.kinPhone,Next of kin phone,Foni yehama yepedyo,no,
profile.aidName,Medical aid name,Zita remedical aid,no,
profile.aidNumber,Medical aid number,Nhamba yemedical aid,no,
profile.emergencyConsent,I agree that Svika stores these details for emergencies. I can remove them at any time.,Ndinobvuma kuti Svika ichengete ruzivo urwu rwepakaoma. Ndinogona kuzvibvisa chero nguva.,no,
profile.emergencySave,Save emergency details,Chengeta ruzivo rwepakaoma,no,
profile.emergencyRemove,Remove these details,Bvisa ruzivo urwu,no,
profile.emergencySaved,Saved. Only you can see these details.,Zvachengetwa. Ndiwe wega unoona ruzivo urwu.,no,
profile.emergencyRemoved,"Removed, and the withdrawal is recorded.","Zvabviswa, uye kubvisa kwacho kwanyorwa.",no,
profile.errConsent,Tick the consent box first.,Tanga wabvuma mubhokisi remvumo.,no,
profile.errEmpty,Add at least one detail before saving.,Isa ruzivo rumwe chete kana kupfuura usati wachengeta.,no,
profile.errGeneric,That did not save. Try again.,Hazvina kuchengetedzwa. Edzazve.,no,
voice.approaching,Your stop is coming up.,Wakusvika pachiteshi chako.,no,
voice.getOff,This is your stop. Get off here.,Chiteshi chako ndechichi. Chiburuka pano.,no,
voice.walk,Your walking leg starts here.,Kufamba netsoka kunotangira pano.,no,
alert.title,Your usual kombi is close,Kombi yaunogara uchikwira yaswedera,no,
share.sectionH,Share my ride,Govera rwendo rwangu,no,
share.sectionB,"Send this link to someone who worries about you. They follow the trip on a map, never your code or your money.","Tumira link iyi kune anokufungira. Vanoona rwendo pamepu, kwete kodhi yako kana mari yako.",no,
share.createCta,Create the link,Gadzira link,no,
share.linkLabel,Anyone with this link can follow the trip,Ane link iyi anogona kuona rwendo,no,
share.revokeCta,Stop sharing,Mira kugovera,no,
share.revokedNote,Sharing stopped. The link is dead now.,Kugovera kwamira. Link haichashande.,no,
share.err,That did not work. Try again.,Hazvina kushanda. Edzazve.,no,
share.expiryNote,The link stops working when the trip ends.,Link inomira kushanda kana rwendo rwapera.,no,
share.viewerTitle,Following a trip,Kuona rwendo,no,
share.statusWaiting,Waiting to board,Kumirira kukwira,no,
share.statusOnBoard,On board,Vari mukombi,no,
share.arrives,Arrives,Vanosvika,no,
share.canSeeH,What you can see,Zvaunogona kuona,no,
share.canSee1,The route this trip rides and where the kombis on it are right now.,Nzira yerwendo urwu uye pari makombi ayo izvozvi.,no,
share.canSee2,The stop the trip ends at and the arrival estimate.,Chiteshi chinopera rwendo nefungidziro yekusvika.,no,
share.cannotSeeH,What you cannot see,Zvausingakwanise kuona,no,
share.cannotSee1,"Who is riding, their phone number, their boarding code or their wallet.","Ari kufamba, nhamba yefoni yake, kodhi yake kana chikwama chake.",no,
share.deadH,This link is no longer live,Link iyi haichashande,no,
share.deadB,The trip has ended or the rider stopped sharing it.,Rwendo rwapera kana kuti mufambi amira kurugovera.,no,
story.eta.0,"Watch the arrives number on the card, and the label under it. That label always says what the number stands on: rides we recorded on this road with a phone, or plainly a demo estimate if the engine is ever unreachable. Tap any basis label in the app and it explains itself.","Tarisa nhamba yekusvika pakadhi, nechiratidzo chiri pasi payo. Chiratidzo icho chinogara chichitaura painomira nhamba: nzendo dzatakarekodha munzira ino nefoni, kana kuti fungidziro yekuratidzira pachena kana injini isingawanikwe. Baya chiratidzo chipi zvacho muapp chinozvitsanangura.",no,
story.eta.1,"The whole ladder: a measured average serves today, a trained model waits, and one committed rule promotes it only when it beats the average on rides it never saw. This table is the evidence itself.","Danho rese: avhareji yakayerwa iri kushanda nhasi, modhi yakadzidziswa yakamirira, uye mutemo mumwe wakachengetwa unoikwidza chete kana ichikunda avhareji panzendo yaisati yaona. Tafura iyi ndihwo uchapupu pachahwo.",no,
story.wd.0,"This is the owner's view. Every money figure comes from the real ledger. The watchdog card scans a simulated history, labelled as such, because a watchdog needs months and this network is days old.","Uku ndiko kuona kwemuridzi. Nhamba yega yega yemari inobva mubhuku remari chairo. Kadhi remurindi rinoongorora nhoroondo yakagadzirwa, yakanyorwa saizvozvo, nekuti murindi anoda mwedzi uye network iyi ine mazuva.",no,
story.wd.1,Now the test. Next plants a heavy skim on yesterday inside that simulated history: one kombi of four hands over far less than it took. The route total barely moves.,Zvino muedzo. Enderera inoisa kubiwa kukuru pazuro munhoroondo yakagadzirwa iya: kombi imwe pana ina inopa zvishoma kupfuura zvayakatora. Mari yese yenzira haizununguke zvakanyanya.,no,
story.wd.2,"Read the flag. The fixed threshold rule stayed silent, exactly as its committed score said it would: one kombi's skim dilutes to a few percent at route level. The isolation forest flagged the day.","Verenga chiratidzo. Mutemo wakagadzikwa wakaramba wakanyarara, sekutaura kwakaita zvibodzwa zvawo zvakachengetwa: kubiwa kwekombi imwe kunoderera kusvika pazvikamu zvishoma panzira yese. Sango rekupatsanura rakadoma zuva iri.",no,
story.wd.3,"The explanation reads in English or Shona, and it names a day, a route and an unnamed vehicle, never a person. That rule is enforced by a unit test, not a promise.","Tsanangudzo inoverengeka muChirungu kana muchiShona, uye inodoma zuva, nzira nekombi isina zita, kwete munhu. Mutemo uyu unosimbiswa nebvunzo yekodhi, kwete vimbiso.",no,
vision.stamp,Simulation,Kufananidzira,no,
story.tin.0,Tinashe is riding home from a job interview when his kombi stops hard. This moment is staged: nothing detects crashes in this web app today.,Tinashe ari kudzokera kumba achibva kuinterview yebasa apo kombi yake inomira zvakaoma. Chiitiko ichi ndechekufananidzira: hapana chinobata tsaona muapp iyi nhasi.,no,
story.tin.1,His mother's phone gets the auto message with a live location link. The link grammar is Svika's real share my ride feature.,Foni yaamai vake inogamuchira meseji nelink yekuona paari. Link iyi inoshanda semashandiro eshare my ride chaiyo yeSvika.,no,
story.tin.2,"A responder opens the link and sees what Tinashe chose to store: next of kin and medical aid. These are the real profile fields from the app today, shown with demo persona values.","Mubatsiri anovhura link oona zvakasarudzwa naTinashe kuchengetwa: hama yepedyo nemedical aid. Ndiwo minda chaiyo yeprofile iripo nhasi, ichiratidzwa neruzivo rwemuenzaniso.",no,
story.tin.3,"Plainly: crash detection ships with the native app, not this build. What is live today is the profile's emergency details, consented and protected, one tap from help.","Zviri pachena: kubata tsaona kunouya neapp yepafoni, kwete build ino. Chiripo nhasi ndicho ruzivo rwepakaoma rwepaprofile, rwakabvumirwa uye rwakachengetedzwa, padyo nerubatsiro.",no,
vision.tin.alertH,Sudden stop on the corridor,Kumira kwakaoma munzira,no,
vision.tin.alertNear,near,pedyo ne,no,
vision.tin.alertSent,The auto message with his live location is on its way to Amai Moyo.,Meseji ine paari izvozvi iri kuenda kuna Amai Moyo.,no,
vision.tin.kinPhone,Amai Moyo's phone,Foni yaAmai Moyo,no,
vision.tin.kinMsg,Tinashe's kombi stopped suddenly near Copacabana. Follow his live location:,Kombi yaTinashe yamira nekukurumidza pedyo neCopacabana. Ona paari izvozvi:,no,
vision.tin.kinFrom,Auto message from Svika,Meseji inozvitumira kubva kuSvika,no,
vision.tin.responderWhy,What a responder sees through the emergency link: only what Tinashe chose to store.,Zvinoonekwa nemubatsiri kuburikidza nelink yepakaoma: zvakasarudzwa naTinashe chete.,no,
vision.tin.responderNote,"These fields are live in the product today. Only the rider can store them, with consent recorded, and removal is one tap on the profile.","Minda iyi inoshanda muapp nhasi. Mufambi chete ndiye anoichengeta, nemvumo yakanyorwa, uye kubvisa kuri padyo paprofile.",no,
story.gogo.0,Gogo does not own a smartphone and never will. Her mbudzi's keypad works: dial *123# and press OK.,Gogo havana smartphone uye havazombovi nayo. Makiyi embudzi yavo anoshanda: dhayira *123# wobaya OK.,no,
story.gogo.1,"Every menu here is real tested code, and the how far answer comes from the same eta engine the app uses. What waits is a telco aggregator agreement: a contract, not a build.","Menyu imwe neimwe pano icode chaiyo yakaedzwa, uye mhinduro yekuti kombi iri kure sei inobva kuinjini imwe chete yeeta inoshandiswa neapp. Chakamirirwa chibvumirano nemakambani emafoni: kondirakiti, kwete kuvaka.",no,
vision.gogo.menu1,1. My credit,1. Mari yangu,no,
vision.gogo.menu2,2. Book my usual trip,2. Bhuka rwendo rwangu,no,
vision.gogo.menu3,3. How far is my kombi,3. Kombi yangu iri kure sei,no,
vision.gogo.menu4,4. Claim my change,4. Tora chenji yangu,no,
vision.gogo.invalid,That choice is not on the menu.,Sarudzo iyoyo haipo pamenyu.,no,
vision.gogo.claimPrompt,Enter the 4 digit change code from your ride. 0 goes back.,Isa kodhi yechenji ine nhamba 4 yerwendo rwako. 0 inodzokera shure.,no,
vision.gogo.balance,Your credit:,Mari yako:,no,
vision.gogo.booked,Booked:,Zvabhukwa:,no,
vision.gogo.bookedCode,Show the hwindi code,Ratidza hwindi kodhi,no,
vision.gogo.eta,Your kombi is about,Kombi yako iri angangoita,no,
vision.gogo.etaDemo,(demo estimate),(fungidziro yekuratidzira),no,
vision.gogo.claimed,Change kept as credit. New balance:,Chenji yachengetwa semari. Yasvika:,no,
vision.gogo.claimRejected,That code did not match a ride.,Kodhi iyoyo haina kuwirirana nerwendo.,no,
vision.gogo.unavailable,Service not available now. Try again.,Sevhisi haipo izvozvi. Edzazve.,no,
vision.gogo.idleHint,Dial,Dhayira,no,
vision.gogo.endedHint,Session ended. Dial again:,Zvapera. Dhayirazve:,no,
vision.gogo.waiting,Please wait,Mirira zvishoma,no,
vision.gogo.keyOk,OK,OK,no,
vision.gogo.keyClear,C,C,no,
story.cap.0,Every kombi on the corridor wears how full its conductor declares it. The card holds that number against what redeemed tickets and check ins prove.,Kombi imwe neimwe munzira inoratidza kuzara kwainotaurwa nahwindi wayo. Kadhi rinoenzanisa nhamba iyoyo nezvinoratidzwa nematikiti akashandiswa nekupinda kwakanyorwa.,no,
